ID;Name;"Created at"
1;"Caterina Koepp";"02/04/2023 03:40:05"
2;"Turner Bradtke";"02/04/2023 03:40:05"
3;"Wendy Greenfelder";"02/04/2023 03:40:05"
4;"Kaden Swift";"02/04/2023 03:40:05"
5;"Freida Quigley";"02/04/2023 03:40:05"
6;"Annie Botsford";"02/04/2023 03:40:05"
7;"Ivah Bogan";"02/04/2023 03:40:05"
8;"Dr. Jabari Monahan";"02/04/2023 03:40:05"
9;"Devante Zboncak";"02/04/2023 03:40:05"
10;"Keenan Bashirian";"02/04/2023 03:40:05"
11;"Elizabeth Jones";"02/04/2023 03:40:05"
12;"Carli Volkman";"02/04/2023 03:40:05"
13;"Sabina Deckow";"02/04/2023 03:40:05"
14;"Casimir Bosco I";"02/04/2023 03:40:05"
15;"Ashlee Wisoky";"02/04/2023 03:40:05"
16;"Nora Stamm Sr.";"02/04/2023 03:40:05"
17;"Brady Mann III";"02/04/2023 03:40:05"
18;"Freeman Keeling";"02/04/2023 03:40:05"
19;"Mr. Isidro Feeney MD";"02/04/2023 03:40:05"
20;"Lysanne Erdman V";"02/04/2023 03:40:05"
21;"Mr. Raheem Tromp";"02/04/2023 03:40:05"
22;"Dawson Beier";"02/04/2023 03:40:05"
23;"Dr. Arielle Purdy";"02/04/2023 03:40:05"
24;"Aidan Nader";"02/04/2023 03:40:05"
25;"Delphia Quitzon";"02/04/2023 03:40:05"
26;"Dedrick Hegmann";"02/04/2023 03:40:05"
27;"Larue Howell";"02/04/2023 03:40:05"
28;"Mr. Federico Breitenberg";"02/04/2023 03:40:05"
29;"Jarret Okuneva";"02/04/2023 03:40:05"
30;"Rhiannon Bruen";"02/04/2023 03:40:05"
31;"Alycia Batz";"02/04/2023 03:40:05"
32;"Ova Jenkins";"02/04/2023 03:40:05"
33;"Laurie Davis";"02/04/2023 03:40:05"
34;"Werner O'Hara";"02/04/2023 03:40:05"
35;"Dr. Wilfredo Bauch II";"02/04/2023 03:40:05"
36;"Prof. Kariane Franecki I";"02/04/2023 03:40:05"
37;"Mr. Isaac Feeney MD";"02/04/2023 03:40:05"
38;"Richmond Dicki";"02/04/2023 03:40:05"
39;"Prof. Dewayne Schaefer DVM";"02/04/2023 03:40:05"
40;"Daphnee Witting II";"02/04/2023 03:40:05"
41;"Greyson Bogisich III";"02/04/2023 03:40:05"
42;"Susie Feil";"02/04/2023 03:40:05"
43;"Mrs. Germaine Schmidt Jr.";"02/04/2023 03:40:05"
44;"Miss Izabella Lubowitz PhD";"02/04/2023 03:40:05"
45;"Dr. Karson Stracke Sr.";"02/04/2023 03:40:05"
46;"Godfrey Jenkins";"02/04/2023 03:40:05"
47;"Ross Pacocha II";"02/04/2023 03:40:05"
48;"Colton Mohr";"02/04/2023 03:40:05"
49;"Valentin Marquardt I";"02/04/2023 03:40:05"
50;"Hyman Dicki";"02/04/2023 03:40:05"
